{
  "sample_text": "Neural networks are computational models inspired by the human brain.",
  "model": "sentence-transformers/all-mpnet-base-v2",
  "dimensions": 768,
  "vector_first_50": [
    -0.0339987576007843,
    0.04243064671754837,
    -0.06033255159854889,
    0.024347690865397453,
    -0.026895616203546524,
    0.013588509522378445,
    0.022819550707936287,
    0.010376637801527977,
    -0.023581290617585182,
    0.020747976377606392,
    0.018174029886722565,
    0.03756887465715408,
    -0.018864361569285393,
    0.0008481240947730839,
    0.05693730711936951,
    -0.03423887491226196,
    0.018967656418681145,
    0.00643414119258523,
    -0.012978123500943184,
    -0.03912978619337082,
    -0.0360955111682415,
    -0.03871159628033638,
    -0.024454785510897636,
    0.014603270217776299,
    0.0011969462502747774,
    -0.027752771973609924,
    0.0035923540126532316,
    -0.03435584902763367,
    -0.01866833120584488,
    0.010873357765376568,
    0.01478554680943489,
    -0.05332842096686363,
    -0.010439159348607063,
    0.041332729160785675,
    1.5958207768562716e-06,
    -0.0055221933871507645,
    0.053978726267814636,
    0.02852071262896061,
    -0.01640274189412594,
    -0.010210788808763027,
    0.019274191930890083,
    0.054157912731170654,
    -0.006861694622784853,
    -0.02817048691213131,
    -0.03732746094465256,
    0.005468967370688915,
    0.05570618063211441,
    0.03189021348953247,
    0.03252420946955681,
    0.03090796433389187
  ],
  "statistics": {
    "min": -0.1275450438261032,
    "max": 0.13596947491168976,
    "mean": 0.00019366892148683,
    "std": 0.03608387431361304,
    "norm": 1.000000061362599
  }
}